username,time
namkhing,29-08-2021 17:14:05
ayaka,29-08-2021 17:14:27
namkhing,29-08-2021 23:55:40
ayaka,30-08-2021 14:31:32
ayaka,01-09-2021 17:36:33
ayaka,01-09-2021 17:38:20
ayaka,01-09-2021 17:41:39
ayaka,01-09-2021 17:46:01
ayaka,01-09-2021 17:50:16
namkhing,01-09-2021 18:28:50
namkhing,01-09-2021 18:34:33
namkhing,01-09-2021 18:38:53
namkhing,01-09-2021 18:40:34
namkhing,01-09-2021 18:42:08
namkhing,01-09-2021 18:42:52
namkhing,01-09-2021 18:45:39
ayaka,01-09-2021 18:46:06
ayaka,01-09-2021 20:10:48
ayaka,01-09-2021 20:19:46
ayaka,01-09-2021 20:56:07
namkhing,01-09-2021 22:26:33
namkhing,01-09-2021 22:37:41
namkhing,02-09-2021 15:23:41
namkhing,02-09-2021 15:47:56
namkhing,02-09-2021 15:49:10
namkhing,02-09-2021 15:56:59
namkhing,02-09-2021 15:58:42
namkhing,02-09-2021 18:27:07
namkhing,02-09-2021 18:28:05
namkhing,02-09-2021 18:29:13
namkhing,02-09-2021 18:37:39
namkhing,02-09-2021 18:38:32
namkhing,02-09-2021 18:38:52
namkhing,02-09-2021 18:39:11
namkhing,02-09-2021 18:46:12
namkhing,02-09-2021 18:47:36
namkhing,02-09-2021 18:56:00
potty,02-09-2021 18:58:29
namkhing,02-09-2021 18:59:06
potty,02-09-2021 19:09:08
potty,02-09-2021 19:10:26
potty,02-09-2021 19:11:18
potty,02-09-2021 19:11:52
potty,02-09-2021 19:13:31
namkhing,02-09-2021 19:14:40
namkhing,02-09-2021 19:15:30
namkhing,02-09-2021 21:07:51
namkhing,02-09-2021 21:09:24
ayaka,02-09-2021 21:11:25
namkhing,02-09-2021 21:18:42
namkhing,02-09-2021 21:37:27
namkhing,02-09-2021 21:37:32
namkhing,02-09-2021 21:38:45
namkhing,02-09-2021 21:40:04
namkhing,02-09-2021 21:47:36
ayaka,02-09-2021 21:49:34
ayaka,02-09-2021 21:49:55
ayaka,02-09-2021 21:54:21
namkhing,02-09-2021 21:55:45
namkhing,02-09-2021 21:55:50
namkhing,02-09-2021 22:08:53
namkhing,02-09-2021 22:12:20
namkhing,02-09-2021 22:12:49
namkhing,02-09-2021 22:13:06
namkhing,02-09-2021 22:15:46
namkhing,02-09-2021 22:17:21
namkhing,02-09-2021 22:20:17
namkhing,02-09-2021 22:22:26
namkhing,02-09-2021 22:41:32
namkhing,02-09-2021 22:52:54
namkhing,02-09-2021 22:54:11
namkhing,02-09-2021 23:09:39
namkhing,05-09-2021 14:55:03
namkhing,05-09-2021 15:01:47
namkhing,05-09-2021 15:04:16
namkhing,05-09-2021 15:06:16
namkhing,05-09-2021 15:09:33
namkhing,05-09-2021 15:21:35
namkhing,05-09-2021 15:21:59
namkhing,05-09-2021 15:33:49
namkhing,05-09-2021 15:35:38
namkhing,05-09-2021 15:36:10
namkhing,05-09-2021 15:37:42
namkhing,05-09-2021 16:00:20
namkhing,05-09-2021 16:00:49
namkhing,05-09-2021 16:01:10
namkhing,05-09-2021 16:01:22
namkhing,05-09-2021 16:02:42
namkhing,05-09-2021 16:03:32
namkhing,05-09-2021 16:23:36
namkhing,05-09-2021 16:24:40
namkhing,05-09-2021 16:25:52
namkhing,05-09-2021 16:45:30
namkhing,05-09-2021 16:51:07
namkhing,05-09-2021 16:54:20
namkhing,05-09-2021 16:55:27
namkhing,05-09-2021 16:56:09
namkhing,05-09-2021 16:59:06
namkhing,05-09-2021 17:01:08
namkhing,05-09-2021 17:04:34
namkhing,06-09-2021 13:01:00
namkhing,06-09-2021 13:12:33
namkhing,06-09-2021 13:16:39
namkhing,06-09-2021 13:17:40
ayaka,06-09-2021 13:21:45
namkhing,06-09-2021 13:22:10
ayaka,06-09-2021 13:27:26
ayaka,06-09-2021 13:30:40
ayaka,06-09-2021 13:30:51
ayaka,06-09-2021 13:33:42
ayaka,06-09-2021 13:33:55
namkhing,06-09-2021 13:34:03
ayaka,06-09-2021 13:34:11
ayaka,06-09-2021 13:35:51
ayaka,06-09-2021 13:36:36
ayaka,06-09-2021 13:39:48
ayaka,06-09-2021 13:43:45
ayaka,06-09-2021 13:45:57
ayaka,06-09-2021 13:48:22
namkhing,06-09-2021 14:00:41
namkhing,13-09-2021 19:48:06
namkhing,13-09-2021 19:50:28
namkhing,13-09-2021 19:52:59
namkhing,13-09-2021 19:53:23
namkhing,13-09-2021 19:54:59
namkhing,13-09-2021 19:56:56
namkhing,13-09-2021 20:07:18
namkhing,13-09-2021 20:07:49
namkhing,13-09-2021 20:09:36
namkhing,13-09-2021 20:10:21
namkhing,13-09-2021 20:10:44
namkhing,13-09-2021 20:11:20
namkhing,13-09-2021 20:12:49
namkhing,13-09-2021 20:14:12
namkhing,13-09-2021 20:14:53
namkhing,13-09-2021 20:15:07
namkhing,13-09-2021 20:16:45
ayaka,13-09-2021 20:17:05
namkhing,13-09-2021 20:17:44
namkhing,13-09-2021 20:19:02
namkhing,13-09-2021 20:19:50
namkhing,13-09-2021 20:23:00
namkhing,13-09-2021 20:27:36
namkhing,13-09-2021 20:28:30
namkhing,13-09-2021 20:28:45
namkhing,13-09-2021 20:29:32
namkhing,13-09-2021 20:31:39
namkhing,13-09-2021 20:32:51
namkhing,13-09-2021 20:33:02
namkhing,13-09-2021 20:38:14
namkhing,13-09-2021 20:38:28
namkhing,13-09-2021 20:49:38
namkhing,13-09-2021 20:49:51
namkhing,13-09-2021 20:53:32
namkhing,13-09-2021 20:53:54
namkhing,13-09-2021 20:54:16
namkhing,13-09-2021 21:00:43
namkhing,13-09-2021 21:05:14
namkhing,13-09-2021 21:11:33
ayaka,13-09-2021 21:11:43
namkhing,21-09-2021 22:33:01
namkhing,21-09-2021 22:35:42
namkhing,22-09-2021 14:47:21
namkhing,22-09-2021 15:02:17
namkhing,22-09-2021 15:10:55
namkhing,22-09-2021 15:14:35
namkhing,22-09-2021 15:18:19
namkhing,22-09-2021 15:46:52
namkhing,22-09-2021 15:48:20
namkhing,23-09-2021 02:07:47
namkhing,23-09-2021 02:16:20
namkhing,23-09-2021 02:17:14
namkhing,23-09-2021 21:35:47
namkhing,23-09-2021 22:45:04
namkhing,24-09-2021 17:44:39
namkhing,24-09-2021 17:49:12
namkhing,24-09-2021 17:52:41
namkhing,24-09-2021 17:53:08
namkhing,24-09-2021 17:53:37
namkhing,24-09-2021 18:09:24
namkhing,24-09-2021 18:18:28
namkhing,24-09-2021 19:32:14
namkhing,25-09-2021 04:02:01
namkhing,25-09-2021 04:11:41
namkhing,25-09-2021 04:13:04
namkhing,25-09-2021 04:14:27
namkhing,25-09-2021 04:16:45
namkhing,25-09-2021 04:20:15
namkhing,25-09-2021 04:23:09
namkhing,25-09-2021 04:23:53
namkhing,25-09-2021 04:26:45
namkhing,25-09-2021 04:31:52
namkhing,25-09-2021 04:33:42
namkhing,25-09-2021 04:35:04
namkhing,25-09-2021 04:37:12
namkhing,25-09-2021 04:38:30
namkhing,25-09-2021 04:55:07
namkhing,25-09-2021 04:56:19
namkhing,25-09-2021 04:57:24
namkhing,25-09-2021 05:00:55
namkhing,25-09-2021 05:06:27
namkhing,25-09-2021 05:07:24
namkhing,25-09-2021 05:07:57
namkhing,25-09-2021 05:08:35
namkhing,25-09-2021 05:17:32
namkhing,25-09-2021 05:18:45
namkhing,25-09-2021 05:22:58
namkhing,25-09-2021 05:25:48
namkhing,25-09-2021 05:36:34
namkhing,25-09-2021 05:39:37
namkhing,25-09-2021 05:42:35
namkhing,25-09-2021 05:45:14
namkhing,25-09-2021 16:27:51
namkhing,23-09-2021 18:54:18
namkhing,23-09-2021 18:54:51
namkhing,25-09-2021 16:36:55
namkhing,25-09-2021 16:41:15
namkhing,25-09-2021 17:50:08
namkhing,25-09-2021 17:54:36
namkhing,25-09-2021 18:08:23
namkhing,25-09-2021 18:16:22
namkhing,25-09-2021 18:19:23
namkhing,25-09-2021 18:21:42
namkhing,25-09-2021 18:41:25
namkhing,25-09-2021 18:42:21
namkhing,25-09-2021 18:42:59
namkhing,25-09-2021 18:43:37
namkhing,25-09-2021 18:44:29
namkhing,25-09-2021 18:48:09
namkhing,25-09-2021 18:48:52
namkhing,25-09-2021 18:57:19
namkhing,25-09-2021 18:58:54
namkhing,25-09-2021 19:25:15
namkhing,25-09-2021 19:25:44
namkhing,25-09-2021 19:36:37
namkhing,25-09-2021 19:41:31
namkhing,25-09-2021 19:42:57
namkhing,25-09-2021 19:50:53
namkhing,25-09-2021 19:53:28
namkhing,25-09-2021 19:57:52
namkhing,25-09-2021 19:59:41
namkhing,25-09-2021 20:02:18
namkhing,25-09-2021 20:03:03
namkhing,25-09-2021 20:03:47
namkhing,25-09-2021 20:06:57
namkhing,25-09-2021 20:07:50
namkhing,25-09-2021 20:12:17
namkhing,25-09-2021 21:14:10
namkhing,25-09-2021 21:16:18
namkhing,25-09-2021 21:16:43
namkhing,25-09-2021 21:18:30
namkhing,25-09-2021 21:28:52
namkhing,25-09-2021 21:32:45
namkhing,25-09-2021 21:34:37
namkhing,25-09-2021 21:51:05
namkhing,25-09-2021 21:52:44
namkhing,25-09-2021 21:53:44
namkhing,25-09-2021 21:55:23
namkhing,25-09-2021 22:54:02
namkhing,25-09-2021 22:54:49
namkhing,25-09-2021 23:19:39
namkhing,25-09-2021 23:20:06
namkhing,25-09-2021 23:28:34
namkhing,25-09-2021 23:29:27
namkhing,25-09-2021 23:29:55
namkhing,25-09-2021 23:32:36
namkhing,25-09-2021 23:35:08
namkhing,25-09-2021 23:38:30
namkhing,26-09-2021 03:29:09
namkhing,26-09-2021 16:13:18
namkhing,26-09-2021 16:14:57
namkhing,26-09-2021 16:20:48
namkhing,26-09-2021 17:14:11
namkhing,26-09-2021 17:14:39
namkhing,26-09-2021 17:22:10
namkhing,26-09-2021 17:26:42
namkhing,26-09-2021 17:27:21
namkhing,26-09-2021 17:29:18
namkhing,26-09-2021 17:31:28
namkhing,26-09-2021 17:33:44
namkhing,26-09-2021 17:51:42
namkhing,26-09-2021 17:53:44
namkhing,26-09-2021 17:54:49
namkhing,26-09-2021 17:56:18
namkhing,26-09-2021 17:56:40
namkhing,26-09-2021 17:59:21
namkhing,26-09-2021 18:03:59
namkhing,26-09-2021 18:05:29
namkhing,26-09-2021 18:06:48
namkhing,26-09-2021 18:09:08
namkhing,26-09-2021 18:09:49
namkhing,26-09-2021 18:10:22
namkhing,26-09-2021 18:11:55
namkhing,26-09-2021 18:14:39
namkhing,26-09-2021 18:15:06
namkhing,26-09-2021 18:15:28
namkhing,26-09-2021 18:16:29
namkhing,26-09-2021 18:30:56
namkhing,26-09-2021 18:39:24
namkhing,26-09-2021 18:44:18
namkhing,26-09-2021 18:45:34
namkhing,26-09-2021 18:48:00
namkhing,26-09-2021 18:50:39
namkhing,26-09-2021 18:51:57
namkhing,26-09-2021 18:55:28
namkhing,26-09-2021 18:58:34
namkhing,26-09-2021 18:59:04
namkhing,26-09-2021 19:02:47
namkhing,26-09-2021 19:03:57
namkhing,26-09-2021 19:06:32
namkhing,26-09-2021 19:13:01
namkhing,26-09-2021 19:13:51
namkhing,26-09-2021 19:15:06
namkhing,26-09-2021 19:15:30
namkhing,26-09-2021 19:20:30
namkhing,26-09-2021 19:21:00
namkhing,26-09-2021 19:22:27
namkhing,26-09-2021 19:24:47
namkhing,26-09-2021 19:46:18
namkhing,26-09-2021 19:47:27
namkhing,26-09-2021 19:50:12
namkhing,26-09-2021 19:51:26
namkhing,26-09-2021 19:51:59
namkhing,26-09-2021 20:23:35
namkhing,26-09-2021 20:25:50
namkhing,26-09-2021 20:28:13
namkhing,26-09-2021 20:28:50
namkhing,26-09-2021 22:46:31
namkhing,26-09-2021 22:57:19
namkhing,26-09-2021 23:10:04
namkhing,26-09-2021 23:13:20
namkhing,26-09-2021 23:13:53
namkhing,26-09-2021 23:21:52
namkhing,26-09-2021 23:27:33
namkhing,26-09-2021 23:40:55
namkhing,26-09-2021 23:43:29
namkhing,26-09-2021 23:45:14
namkhing,26-09-2021 23:50:51
namkhing,27-09-2021 00:54:18
namkhing,27-09-2021 00:55:11
namkhing,27-09-2021 02:00:02
namkhing,27-09-2021 02:06:16
namkhing,27-09-2021 02:12:17
namkhing,27-09-2021 02:14:11
namkhing,27-09-2021 02:18:16
namkhing,27-09-2021 02:31:42
namkhing,27-09-2021 07:11:10
namkhing,27-09-2021 07:12:34
namkhing,27-09-2021 07:14:24
namkhing,27-09-2021 07:15:55
namkhing,27-09-2021 07:20:25
namkhing,27-09-2021 07:23:17
namkhing,27-09-2021 07:24:43
namkhing,27-09-2021 07:46:26
namkhing,27-09-2021 07:55:30
namkhing,27-09-2021 07:59:20
namkhing,27-09-2021 08:01:23
namkhing,27-09-2021 08:07:08
namkhing,27-09-2021 08:19:44
namkhing,27-09-2021 08:35:31
namkhing,27-09-2021 08:39:06
namkhing,27-09-2021 08:43:27
namkhing,27-09-2021 08:45:14
ayaka,27-09-2021 08:54:04
namkhing,27-09-2021 08:55:52
namkhing,27-09-2021 08:56:55
namkhing,27-09-2021 14:43:54
namkhing,27-09-2021 14:47:13
namkhing,27-09-2021 16:10:56
namkhing,27-09-2021 16:13:03
namkhing,27-09-2021 20:26:31
namkhing,27-09-2021 20:31:12
namkhing,27-09-2021 20:33:19
namkhing,27-09-2021 20:36:11
namkhing,27-09-2021 20:57:38
namkhing,27-09-2021 21:01:22
namkhing,27-09-2021 21:04:23
namkhing,27-09-2021 21:04:46
namkhing,28-09-2021 08:21:20
namkhing,28-09-2021 08:22:01
namkhing,28-09-2021 08:27:47
namkhing,28-09-2021 08:28:47
namkhing,28-09-2021 08:34:32
namkhing,28-09-2021 09:23:33
namkhing,28-09-2021 09:24:11
namkhing,28-09-2021 09:25:22
namkhing,28-09-2021 09:34:49
namkhing,28-09-2021 09:35:50
namkhing,28-09-2021 09:37:05
namkhing,28-09-2021 09:40:13
namkhing,28-09-2021 09:41:07
namkhing,28-09-2021 09:48:43
namkhing,28-09-2021 09:54:47
namkhing,28-09-2021 10:02:34
namkhing,28-09-2021 10:03:33
namkhing,28-09-2021 10:07:44
namkhing,28-09-2021 10:11:41
namkhing,28-09-2021 10:17:27
namkhing,28-09-2021 11:51:48
namkhing,28-09-2021 11:54:18
namkhing,28-09-2021 11:58:48
namkhing,28-09-2021 12:01:45
namkhing,28-09-2021 12:05:22
namkhing,28-09-2021 12:06:06
namkhing,28-09-2021 12:14:23
namkhing,28-09-2021 12:17:18
namkhing,28-09-2021 12:18:54
namkhing,28-09-2021 12:22:08
namkhing,28-09-2021 12:23:33
namkhing,28-09-2021 12:33:59
namkhing,28-09-2021 12:37:55
namkhing,28-09-2021 12:43:10
namkhing,28-09-2021 12:43:50
namkhing,28-09-2021 13:01:58
namkhing,28-09-2021 13:07:02
namkhing,28-09-2021 13:11:12
namkhing,28-09-2021 13:16:34
namkhing,28-09-2021 13:17:26
namkhing,28-09-2021 13:26:16
namkhing,28-09-2021 13:26:54
namkhing,28-09-2021 13:30:28
namkhing,28-09-2021 13:34:18
namkhing,28-09-2021 13:35:09
namkhing,28-09-2021 13:35:52
namkhing,28-09-2021 13:43:44
namkhing,28-09-2021 13:48:25
namkhing,28-09-2021 13:54:11
namkhing,28-09-2021 13:59:48
namkhing,28-09-2021 14:02:01
namkhing,28-09-2021 14:04:43
namkhing,28-09-2021 14:08:11
namkhing,28-09-2021 14:09:29
namkhing,28-09-2021 14:09:58
namkhing,28-09-2021 14:10:46
namkhing,28-09-2021 14:11:39
namkhing,28-09-2021 14:26:42
namkhing,28-09-2021 14:34:50
namkhing,28-09-2021 14:39:18
namkhing,28-09-2021 14:40:08
namkhing,28-09-2021 14:48:17
namkhing,28-09-2021 14:49:12
namkhing,28-09-2021 14:57:05
namkhing,28-09-2021 15:00:14
namkhing,28-09-2021 15:01:11
namkhing,28-09-2021 15:02:15
namkhing,28-09-2021 15:07:39
namkhing,28-09-2021 15:11:56
namkhing,28-09-2021 15:12:54
namkhing,28-09-2021 15:13:20
namkhing,28-09-2021 15:27:13
namkhing,28-09-2021 15:29:22
namkhing,28-09-2021 15:31:02
namkhing,28-09-2021 15:32:28
namkhing,28-09-2021 15:33:20
namkhing,28-09-2021 15:33:53
namkhing,28-09-2021 15:35:49
namkhing,28-09-2021 15:37:40
namkhing,28-09-2021 15:39:44
namkhing,28-09-2021 15:41:09
namkhing,28-09-2021 15:44:04
namkhing,28-09-2021 15:44:41
namkhing,28-09-2021 15:52:10
namkhing,28-09-2021 15:52:57
namkhing,28-09-2021 20:44:55
namkhing,28-09-2021 20:46:43
namkhing,28-09-2021 20:48:12
namkhing,28-09-2021 20:50:38
namkhing,28-09-2021 20:52:58
namkhing,28-09-2021 20:54:30
namkhing,28-09-2021 20:55:11
ayaka,28-09-2021 21:17:52
namkhing,28-09-2021 21:18:23
namkhing,28-09-2021 21:23:05
namkhing,28-09-2021 21:33:59
namkhing,28-09-2021 21:34:33
namkhing,28-09-2021 21:35:01
namkhing,28-09-2021 21:35:26
namkhing,28-09-2021 21:35:59
namkhing,28-09-2021 21:37:54
namkhing,28-09-2021 21:38:59
namkhing,28-09-2021 21:39:30
namkhing,28-09-2021 21:39:47
namkhing,28-09-2021 21:40:53
namkhing,28-09-2021 21:41:31
namkhing,28-09-2021 21:42:13
namkhing,28-09-2021 21:43:11
namkhing,28-09-2021 21:43:49
namkhing,28-09-2021 21:45:35
namkhing,28-09-2021 21:49:27
namkhing,28-09-2021 21:50:00
namkhing,28-09-2021 21:50:57
namkhing,28-09-2021 21:51:51
namkhing,28-09-2021 22:00:01
namkhing,28-09-2021 22:01:50
namkhing,28-09-2021 22:02:47
namkhing,28-09-2021 22:03:16
ayaka,28-09-2021 22:03:21
namkhing,28-09-2021 22:04:16
namkhing,28-09-2021 22:04:56
namkhing,28-09-2021 22:24:49
namkhing,28-09-2021 22:29:44
namkhing,28-09-2021 22:30:37
namkhing,28-09-2021 22:34:47
namkhing,28-09-2021 22:37:21
namkhing,28-09-2021 22:38:17
namkhing,28-09-2021 22:41:18
namkhing,29-09-2021 10:54:43
namkhing,02-10-2021 15:04:20
namkhing,01-10-2021 21:11:09
namkhing,01-10-2021 21:11:47
namkhing,01-10-2021 21:29:19
namkhing,01-10-2021 21:30:05
ayaka,01-10-2021 21:30:27
namkhing,01-10-2021 21:51:16
namkhing,05-10-2021 20:17:23
namkhing,05-10-2021 20:32:02
namkhing,05-10-2021 20:32:32
namkhing,05-10-2021 20:34:04
namkhing,05-10-2021 20:35:38
namkhing,05-10-2021 21:12:31
namkhing,05-10-2021 21:14:47
namkhing,05-10-2021 21:16:23
namkhing,05-10-2021 21:17:25
namkhing,05-10-2021 21:18:27
namkhing,05-10-2021 21:39:08
namkhing,05-10-2021 21:57:45
namkhing,05-10-2021 21:59:22
namkhing,05-10-2021 22:15:12
namkhing,05-10-2021 22:15:42
namkhing,05-10-2021 22:16:45
namkhing,05-10-2021 22:16:50
namkhing,05-10-2021 22:17:36
namkhing,05-10-2021 22:22:25
namkhing,05-10-2021 22:23:37
namkhing,05-10-2021 22:50:38
namkhing,05-10-2021 22:50:46
namkhing,05-10-2021 22:51:20
namkhing,05-10-2021 22:52:16
namkhing,05-10-2021 22:54:41
namkhing,05-10-2021 22:55:33
namkhing,05-10-2021 22:57:13
namkhing,05-10-2021 22:59:43
namkhing,05-10-2021 23:01:46
namkhing,05-10-2021 23:10:19
namkhing,05-10-2021 23:10:53
namkhing,05-10-2021 23:19:43
ayaka,05-10-2021 23:20:18
namkhing,05-10-2021 23:22:02
namkhing,06-10-2021 15:24:07
namkhing,06-10-2021 17:25:49
namkhing,06-10-2021 21:09:13
namkhing,09-10-2021 21:38:24
namkhing,09-10-2021 21:51:20
namkhing,09-10-2021 21:54:29
namkhing,10-10-2021 00:46:55
namkhing,10-10-2021 02:55:25
namkhing,10-10-2021 02:59:50
namkhing,10-10-2021 03:03:06
namkhing,10-10-2021 03:05:54
namkhing,10-10-2021 03:06:49
namkhing,10-10-2021 03:08:18
namkhing,10-10-2021 03:09:21
namkhing,10-10-2021 03:11:32
namkhing,10-10-2021 03:13:42
namkhing,10-10-2021 03:18:14
namkhing,10-10-2021 03:19:57
namkhing,10-10-2021 03:22:33
namkhing,10-10-2021 03:25:06
namkhing,10-10-2021 03:27:22
namkhing,10-10-2021 03:30:57
namkhing,10-10-2021 03:33:51
namkhing,10-10-2021 03:36:17
namkhing,10-10-2021 10:56:26
namkhing,10-10-2021 10:59:27
namkhing,10-10-2021 11:01:03
namkhing,10-10-2021 11:03:16
namkhing,10-10-2021 11:06:00
namkhing,10-10-2021 11:07:56
namkhing,10-10-2021 11:10:58
namkhing,10-10-2021 11:11:39
namkhing,10-10-2021 11:12:41
namkhing,10-10-2021 11:13:55
namkhing,10-10-2021 11:15:24
namkhing,10-10-2021 11:20:21
namkhing,10-10-2021 11:24:18
namkhing,10-10-2021 11:26:31
namkhing,10-10-2021 11:28:16
namkhing,10-10-2021 11:32:40
namkhing,10-10-2021 11:34:43
namkhing,10-10-2021 11:45:10
namkhing,10-10-2021 11:46:23
namkhing,10-10-2021 11:48:04
namkhing,10-10-2021 11:48:44
namkhing,10-10-2021 12:06:18
namkhing,10-10-2021 12:11:28
namkhing,10-10-2021 12:15:18
namkhing,10-10-2021 12:17:55
namkhing,10-10-2021 12:19:04
namkhing,10-10-2021 12:20:35
namkhing,10-10-2021 12:22:18
namkhing,10-10-2021 12:23:55
namkhing,10-10-2021 12:24:31
namkhing,10-10-2021 12:25:15
namkhing,10-10-2021 12:26:36
namkhing,10-10-2021 12:27:58
namkhing,10-10-2021 12:28:59
namkhing,10-10-2021 12:34:11
namkhing,10-10-2021 12:34:42
namkhing,10-10-2021 12:39:28
namkhing,10-10-2021 12:41:25
namkhing,10-10-2021 12:42:53
namkhing,10-10-2021 12:45:45
namkhing,10-10-2021 12:46:33
namkhing,10-10-2021 12:57:37
namkhing,10-10-2021 13:19:01
namkhing,10-10-2021 13:20:47
namkhing,10-10-2021 13:22:50
namkhing,10-10-2021 13:24:36
namkhing,10-10-2021 13:25:44
namkhing,10-10-2021 13:26:36
namkhing,10-10-2021 13:27:15
namkhing,10-10-2021 13:28:34
namkhing,10-10-2021 21:19:29
namkhing,10-10-2021 21:45:49
namkhing,10-10-2021 21:55:22
namkhing,12-10-2021 16:22:32
namkhing,12-10-2021 16:24:28
namkhing,14-10-2021 16:39:52
namkhing,14-10-2021 16:53:02
namkhing,14-10-2021 21:11:30
namkhing,14-10-2021 21:15:21
namkhing,10-10-2021 21:52:14
namkhing,14-10-2021 17:29:20
namkhing,14-10-2021 19:50:52
ayaka,14-10-2021 19:55:13
ayaka,14-10-2021 19:58:10
ayaka,14-10-2021 20:00:17
ayaka,14-10-2021 20:04:26
namkhing,14-10-2021 20:32:11
namkhing,14-10-2021 20:33:34
namkhing,16-10-2021 15:31:39
namkhing,16-10-2021 15:51:47
namkhing,16-10-2021 16:13:45
namkhing,16-10-2021 16:17:03
namkhing,16-10-2021 16:17:40
namkhing,16-10-2021 16:20:57
namkhing,16-10-2021 16:33:18
namkhing,16-10-2021 16:41:57
namkhing,16-10-2021 16:43:16
namkhing,16-10-2021 17:07:30
namkhing,16-10-2021 17:08:09
namkhing,16-10-2021 17:08:59
namkhing,16-10-2021 17:11:26
namkhing,16-10-2021 17:13:07
namkhing,16-10-2021 17:14:04
namkhing,16-10-2021 17:15:20
namkhing,16-10-2021 17:16:28
namkhing,16-10-2021 17:17:30
namkhing,16-10-2021 20:23:10
namkhing,16-10-2021 22:27:49
namkhing,16-10-2021 22:29:18
namkhing,16-10-2021 22:32:22
namkhing,16-10-2021 22:34:41
namkhing,16-10-2021 22:35:54
namkhing,16-10-2021 22:43:53
namkhing,16-10-2021 22:46:07
namkhing,16-10-2021 22:49:01
namkhing,16-10-2021 22:53:18
namkhing,16-10-2021 22:54:06
namkhing,16-10-2021 22:54:47
namkhing,16-10-2021 22:56:32
namkhing,16-10-2021 23:50:46
namkhing,16-10-2021 23:51:42
namkhing,17-10-2021 00:01:45
namkhing,17-10-2021 00:07:26
namkhing,17-10-2021 00:10:22
namkhing,17-10-2021 00:13:27
namkhing,17-10-2021 00:14:30
namkhing,17-10-2021 00:15:11
namkhing,17-10-2021 00:16:05
namkhing,17-10-2021 00:27:27
namkhing,17-10-2021 00:33:02
namkhing,17-10-2021 00:36:14
namkhing,17-10-2021 00:38:10
namkhing,17-10-2021 00:41:58
namkhing,17-10-2021 00:52:25
namkhing,17-10-2021 01:05:22
namkhing,17-10-2021 01:08:07
namkhing,17-10-2021 01:14:11
namkhing,17-10-2021 01:16:18
namkhing,17-10-2021 01:18:40
namkhing,17-10-2021 01:24:49
namkhing,17-10-2021 01:25:22
namkhing,17-10-2021 01:27:13
namkhing,17-10-2021 01:43:39
namkhing,17-10-2021 01:44:24
namkhing,17-10-2021 01:48:05
namkhing,17-10-2021 01:48:58
namkhing,17-10-2021 02:05:44
namkhing,17-10-2021 02:06:47
namkhing,17-10-2021 02:07:54
namkhing,17-10-2021 02:08:45
namkhing,17-10-2021 02:09:45
namkhing,17-10-2021 13:47:02
namkhing,17-10-2021 13:49:11
namkhing,17-10-2021 13:50:22
namkhing,17-10-2021 13:55:31
namkhing,17-10-2021 13:57:16
namkhing,17-10-2021 13:59:03
namkhing,17-10-2021 14:00:24
namkhing,17-10-2021 14:18:31
namkhing,17-10-2021 14:19:52
namkhing,17-10-2021 14:27:07
namkhing,17-10-2021 14:28:37
namkhing,17-10-2021 15:37:44
namkhing,17-10-2021 15:42:10
namkhing,17-10-2021 15:44:07
namkhing,17-10-2021 15:45:50
namkhing,17-10-2021 15:53:47
namkhing,17-10-2021 15:55:58
namkhing,17-10-2021 15:57:26
namkhing,17-10-2021 15:58:33
namkhing,17-10-2021 15:59:34
namkhing,17-10-2021 16:00:14
namkhing,17-10-2021 16:01:17
namkhing,16-10-2021 14:56:45
namkhing,16-10-2021 14:57:45
namkhing,16-10-2021 14:58:20
namkhing,16-10-2021 15:02:38
namkhing,16-10-2021 15:02:43
namkhing,16-10-2021 15:04:39
namkhing,16-10-2021 15:07:00
namkhing,16-10-2021 15:09:20
namkhing,16-10-2021 15:14:33
namkhing,16-10-2021 15:17:05
namkhing,16-10-2021 15:18:21
namkhing,16-10-2021 15:36:12
namkhing,16-10-2021 15:37:36
namkhing,16-10-2021 15:38:00
namkhing,16-10-2021 15:38:06
namkhing,16-10-2021 15:38:45
namkhing,16-10-2021 15:49:00
namkhing,16-10-2021 15:53:01
namkhing,16-10-2021 15:53:58
namkhing,16-10-2021 15:55:43
namkhing,16-10-2021 15:57:11
namkhing,16-10-2021 17:47:23
namkhing,16-10-2021 17:48:26
namkhing,16-10-2021 17:48:31
namkhing,16-10-2021 17:51:24
namkhing,16-10-2021 17:53:29
potty,16-10-2021 18:18:05
namkhing,16-10-2021 18:19:24
namkhing,16-10-2021 18:20:01
namkhing,16-10-2021 18:20:25
namkhing,16-10-2021 18:23:04
namkhing,16-10-2021 18:25:08
namkhing,16-10-2021 18:29:29
namkhing,16-10-2021 18:30:25
namkhing,16-10-2021 18:31:17
namkhing,16-10-2021 18:33:14
namkhing,16-10-2021 18:58:49
namkhing,16-10-2021 19:00:50
namkhing,16-10-2021 19:01:39
namkhing,16-10-2021 19:09:13
namkhing,16-10-2021 19:11:20
namkhing,16-10-2021 19:12:48
namkhing,16-10-2021 19:25:19
namkhing,16-10-2021 19:34:09
namkhing,16-10-2021 19:36:39
namkhing,16-10-2021 19:39:14
namkhing,17-10-2021 11:51:31
greenbird,17-10-2021 11:52:03
namkhing,17-10-2021 12:37:31
namkhing,17-10-2021 13:09:38
namkhing,17-10-2021 13:17:08
namkhing,17-10-2021 13:26:04
namkhing,17-10-2021 14:10:14
namkhing,17-10-2021 14:57:42
namkhing,17-10-2021 15:03:21
namkhing,17-10-2021 15:11:20
namkhing,17-10-2021 15:23:44
namkhing,17-10-2021 15:24:31
namkhing,17-10-2021 16:09:05
opaller,17-10-2021 16:09:49
namkhing,17-10-2021 16:28:24
namkhing,17-10-2021 16:32:58
namkhing,17-10-2021 16:42:45
namkhing,17-10-2021 16:47:21
namkhing,17-10-2021 16:54:30
namkhing,17-10-2021 16:55:59
namkhing,17-10-2021 16:56:39
namkhing,17-10-2021 16:59:50
opaller,17-10-2021 17:00:37
namkhing,17-10-2021 17:03:07
namkhing,17-10-2021 17:03:34
namkhing,17-10-2021 17:04:50
namkhing,17-10-2021 17:06:12
ppinip,17-10-2021 17:12:54
namkhing,17-10-2021 17:14:13
namkhing,17-10-2021 17:15:21
namkhing,17-10-2021 17:37:28
namkhing,17-10-2021 17:38:27
ayaka,17-10-2021 17:52:32
namkhing,17-10-2021 18:02:23
namkhing,17-10-2021 18:04:33
ppinip,17-10-2021 18:08:14
namkhing,17-10-2021 18:10:06
ayaka,17-10-2021 17:52:32
namkhing,17-10-2021 18:12:44
ayaka,17-10-2021 17:52:32
namkhing,17-10-2021 21:13:17
namkhing,18-10-2021 12:35:19
greenbird,18-10-2021 12:37:24
greenbird,18-10-2021 12:39:49
namkhing,18-10-2021 12:41:55
greenbird,18-10-2021 12:42:10
namkhing,18-10-2021 12:42:42
greenbird,18-10-2021 12:42:59
namkhing,18-10-2021 12:47:58
greenbird,18-10-2021 12:48:13
namkhing,18-10-2021 14:32:15
greenbird,18-10-2021 14:32:35
greenbird,18-10-2021 14:33:44
greenbird,18-10-2021 14:47:53
namkhing,18-10-2021 16:21:36
namkhing,21-10-2021 13:25:56
namkhing,21-10-2021 13:26:24
namkhing,21-10-2021 13:26:43
namkhing,21-10-2021 13:31:13
namkhing,21-10-2021 13:31:18
namkhing,21-10-2021 13:32:07
namkhing,21-10-2021 13:37:40
namkhing,21-10-2021 13:38:27
namkhing,21-10-2021 13:40:32
namkhing,21-10-2021 13:44:49
namkhing,21-10-2021 13:45:07
namkhing,21-10-2021 14:36:49
namkhing,21-10-2021 15:59:39
namkhing,21-10-2021 16:04:41
namkhing,21-10-2021 17:59:18
namkhing,21-10-2021 21:23:01
namkhing,22-10-2021 00:45:04
namkhing,22-10-2021 01:07:08
namkhing,22-10-2021 01:07:23
namkhing,22-10-2021 01:18:25
namkhing,22-10-2021 02:11:02
namkhing,22-10-2021 02:11:55
namkhing,22-10-2021 02:13:50
namkhing,22-10-2021 02:22:01
namkhing,22-10-2021 02:47:07
namkhing,22-10-2021 05:13:01
namkhing,22-10-2021 05:16:35
namkhing,22-10-2021 05:21:21
namkhing,22-10-2021 05:25:46
namkhing,22-10-2021 05:27:25
namkhing,22-10-2021 06:07:22
namkhing,22-10-2021 06:35:40
namkhing,22-10-2021 06:36:04
greenbird,22-10-2021 06:46:31
greenbird,22-10-2021 06:47:10
greenbird,22-10-2021 06:47:35
namkhing,22-10-2021 07:14:18
namkhing,22-10-2021 07:46:42
namkhing,22-10-2021 07:50:34
namkhing,22-10-2021 10:54:06
namkhing,22-10-2021 13:38:32
namkhing,22-10-2021 16:23:39
